{
"lengthUnit": "mil",
"components": {
	"fields": ["COMPONENT_NO", "COMPONENT_NAME", "LAYER", "X_COORDINATE", "Y_COORDINATE", "ANGLE"],
	"rows": [
		[1, "CN1", "T", 1820, -1370, 270],
		[2, "H1", "T", 1700, -745, 180],
		[3, "H2", "T", 1330, -2005, 0],
		[4, "H3", "T", 1330, -2170, 0],
		[5, "LED1", "T", 1045, -745, 0],
		[6, "R1", "T", 1340, -745, 0],
		[7, "U1", "T", 955, -1360, 270]
	]
},
"pins": {
	"fields": ["PIN_NO", "PIN_NAME", "PIN_X", "PIN_Y", "LAYER", "PIN_TYPE", "NET_NAME", "NET_TYPE", "PAD_SHAPE", "PAD_SIZEX", "PAD_SIZEY", "HOLE_SIZE", "PAD_ANGLE"],
	"rows": [
		[1, "CN1_1", 1770, -1170, "T", "DIP", "TCK", "", "R", 74.8, 66.93, 43.31, 270],
		[2, "CN1_1", 1770, -1170, "B", "DIP", "TCK", "", "R", 74.8, 66.93, 43.31, 270],
		[3, "CN1_2", 1870, -1170, "T", "DIP", "GND", "GND", "C", 74.8, 74.8, 43.31, 270],
		[4, "CN1_2", 1870, -1170, "B", "DIP", "GND", "GND", "C", 74.8, 74.8, 43.31, 270],
		[5, "CN1_3", 1770, -1270, "T", "DIP", "TDO", "", "C", 74.8, 74.8, 43.31, 270],
		[6, "CN1_3", 1770, -1270, "B", "DIP", "TDO", "", "C", 74.8, 74.8, 43.31, 270],
		[7, "CN1_4", 1870, -1270, "T", "DIP", "VCC", "", "C", 74.8, 74.8, 43.31, 270],
		[8, "CN1_4", 1870, -1270, "B", "DIP", "VCC", "", "C", 74.8, 74.8, 43.31, 270],
		[9, "CN1_5", 1770, -1370, "T", "DIP", "TMS", "", "C", 74.8, 74.8, 43.31, 270],
		[10, "CN1_5", 1770, -1370, "B", "DIP", "TMS", "", "C", 74.8, 74.8, 43.31, 270],
		[11, "CN1_6", 1870, -1370, "T", "DIP", "CN1_6", "", "C", 74.8, 74.8, 43.31, 270],
		[12, "CN1_6", 1870, -1370, "B", "DIP", "CN1_6", "", "C", 74.8, 74.8, 43.31, 270],
		[13, "CN1_7", 1770, -1470, "T", "DIP", "CN1_7", "", "C", 74.8, 74.8, 43.31, 270],
		[14, "CN1_7", 1770, -1470, "B", "DIP", "CN1_7", "", "C", 74.8, 74.8, 43.31, 270],
		[15, "CN1_8", 1870, -1470, "T", "DIP", "CN1_8", "", "C", 74.8, 74.8, 43.31, 270],
		[16, "CN1_8", 1870, -1470, "B", "DIP", "CN1_8", "", "C", 74.8, 74.8, 43.31, 270],
		[17, "CN1_9", 1770, -1570, "T", "DIP", "TDI", "", "C", 74.8, 74.8, 43.31, 270],
		[18, "CN1_9", 1770, -1570, "B", "DIP", "TDI", "", "C", 74.8, 74.8, 43.31, 270],
		[19, "CN1_10", 1870, -1570, "T", "DIP", "GND", "GND", "C", 74.8, 74.8, 43.31, 270],
		[20, "CN1_10", 1870, -1570, "B", "DIP", "GND", "GND", "C", 74.8, 74.8, 43.31, 270],
		[21, "H1_1", 1800, -745, "T", "DIP", "VCC", "", "R", 66.93, 66.93, 43.31, 180],
		[22, "H1_1", 1800, -745, "B", "DIP", "VCC", "", "R", 66.93, 66.93, 43.31, 180],
		[23, "H1_2", 1700, -745, "T", "DIP", "$1N795", "", "C", 66.93, 66.93, 43.31, 180],
		[24, "H1_2", 1700, -745, "B", "DIP", "$1N795", "", "C", 66.93, 66.93, 43.31, 180],
		[25, "H1_3", 1600, -745, "T", "DIP", "GND", "GND", "C", 66.93, 66.93, 43.31, 180],
		[26, "H1_3", 1600, -745, "B", "DIP", "GND", "GND", "C", 66.93, 66.93, 43.31, 180],
		[27, "H2_1", 880, -2005, "T", "DIP", "VCC", "", "R", 62, 66.93, 43.31, 0],
		[28, "H2_1", 880, -2005, "B", "DIP", "VCC", "", "R", 62, 66.93, 43.31, 0],
		[29, "H2_2", 980, -2005, "T", "DIP", "VCC", "", "C", 66.93, 66.93, 43.31, 0],
		[30, "H2_2", 980, -2005, "B", "DIP", "VCC", "", "C", 66.93, 66.93, 43.31, 0],
		[31, "H2_3", 1080, -2005, "T", "DIP", "VCC", "", "C", 66.93, 66.93, 43.31, 0],
		[32, "H2_3", 1080, -2005, "B", "DIP", "VCC", "", "C", 66.93, 66.93, 43.31, 0],
		[33, "H2_4", 1180, -2005, "T", "DIP", "VCC", "", "C", 66.93, 66.93, 43.31, 0],
		[34, "H2_4", 1180, -2005, "B", "DIP", "VCC", "", "C", 66.93, 66.93, 43.31, 0],
		[35, "H2_5", 1280, -2005, "T", "DIP", "VCC", "", "C", 66.93, 66.93, 43.31, 0],
		[36, "H2_5", 1280, -2005, "B", "DIP", "VCC", "", "C", 66.93, 66.93, 43.31, 0],
		[37, "H2_6", 1380, -2005, "T", "DIP", "VCC", "", "C", 66.93, 66.93, 43.31, 0],
		[38, "H2_6", 1380, -2005, "B", "DIP", "VCC", "", "C", 66.93, 66.93, 43.31, 0],
		[39, "H2_7", 1480, -2005, "T", "DIP", "VCC", "", "C", 66.93, 66.93, 43.31, 0],
		[40, "H2_7", 1480, -2005, "B", "DIP", "VCC", "", "C", 66.93, 66.93, 43.31, 0],
		[41, "H2_8", 1580, -2005, "T", "DIP", "VCC", "", "C", 66.93, 66.93, 43.31, 0],
		[42, "H2_8", 1580, -2005, "B", "DIP", "VCC", "", "C", 66.93, 66.93, 43.31, 0],
		[43, "H2_9", 1680, -2005, "T", "DIP", "VCC", "", "C", 66.93, 66.93, 43.31, 0],
		[44, "H2_9", 1680, -2005, "B", "DIP", "VCC", "", "C", 66.93, 66.93, 43.31, 0],
		[45, "H2_10", 1780, -2005, "T", "DIP", "VCC", "", "C", 66.93, 66.93, 43.31, 0],
		[46, "H2_10", 1780, -2005, "B", "DIP", "VCC", "", "C", 66.93, 66.93, 43.31, 0],
		[47, "H3_1", 880, -2170, "T", "DIP", "GND", "GND", "R", 62, 66.93, 43.31, 0],
		[48, "H3_1", 880, -2170, "B", "DIP", "GND", "GND", "R", 62, 66.93, 43.31, 0],
		[49, "H3_2", 980, -2170, "T", "DIP", "GND", "GND", "C", 66.93, 66.93, 43.31, 0],
		[50, "H3_2", 980, -2170, "B", "DIP", "GND", "GND", "C", 66.93, 66.93, 43.31, 0],
		[51, "H3_3", 1080, -2170, "T", "DIP", "GND", "GND", "C", 66.93, 66.93, 43.31, 0],
		[52, "H3_3", 1080, -2170, "B", "DIP", "GND", "GND", "C", 66.93, 66.93, 43.31, 0],
		[53, "H3_4", 1180, -2170, "T", "DIP", "GND", "GND", "C", 66.93, 66.93, 43.31, 0],
		[54, "H3_4", 1180, -2170, "B", "DIP", "GND", "GND", "C", 66.93, 66.93, 43.31, 0],
		[55, "H3_5", 1280, -2170, "T", "DIP", "GND", "GND", "C", 66.93, 66.93, 43.31, 0],
		[56, "H3_5", 1280, -2170, "B", "DIP", "GND", "GND", "C", 66.93, 66.93, 43.31, 0],
		[57, "H3_6", 1380, -2170, "T", "DIP", "GND", "GND", "C", 66.93, 66.93, 43.31, 0],
		[58, "H3_6", 1380, -2170, "B", "DIP", "GND", "GND", "C", 66.93, 66.93, 43.31, 0],
		[59, "H3_7", 1480, -2170, "T", "DIP", "GND", "GND", "C", 66.93, 66.93, 43.31, 0],
		[60, "H3_7", 1480, -2170, "B", "DIP", "GND", "GND", "C", 66.93, 66.93, 43.31, 0],
		[61, "H3_8", 1580, -2170, "T", "DIP", "GND", "GND", "C", 66.93, 66.93, 43.31, 0],
		[62, "H3_8", 1580, -2170, "B", "DIP", "GND", "GND", "C", 66.93, 66.93, 43.31, 0],
		[63, "H3_9", 1680, -2170, "T", "DIP", "GND", "GND", "C", 66.93, 66.93, 43.31, 0],
		[64, "H3_9", 1680, -2170, "B", "DIP", "GND", "GND", "C", 66.93, 66.93, 43.31, 0],
		[65, "H3_10", 1780, -2170, "T", "DIP", "GND", "GND", "C", 66.93, 66.93, 43.31, 0],
		[66, "H3_10", 1780, -2170, "B", "DIP", "GND", "GND", "C", 66.93, 66.93, 43.31, 0],
		[67, "LED1_1", 999.72, -744.8, "T", "SMD", "GND", "GND", "R", 39.37, 49.21, 0, 180],
		[68, "LED1_2", 1086.34, -744.8, "T", "SMD", "$1N802", "", "R", 39.37, 49.21, 0, 180],
		[69, "R1_1", 1300.63, -745, "T", "SMD", "$1N802", "", "R", 44.59, 54.21, 0, 0],
		[70, "R1_2", 1379.37, -745, "T", "SMD", "$1N795", "", "R", 44.59, 54.21, 0, 0],
		[71, "U1_1", 905, -1060, "T", "DIP", "GND", "GND", "C", 60, 60, 43.3, 270],
		[72, "U1_1", 905, -1060, "B", "DIP", "GND", "GND", "C", 60, 60, 43.3, 270],
		[73, "U1_2", 1005, -1060, "T", "DIP", "VCC", "", "C", 60, 60, 43.3, 270],
		[74, "U1_2", 1005, -1060, "B", "DIP", "VCC", "", "C", 60, 60, 43.3, 270],
		[75, "U1_3", 905, -1160, "T", "DIP", "GND", "GND", "C", 60, 60, 43.3, 270],
		[76, "U1_3", 905, -1160, "B", "DIP", "GND", "GND", "C", 60, 60, 43.3, 270],
		[77, "U1_4", 1005, -1160, "T", "DIP", "TMS", "", "C", 60, 60, 43.3, 270],
		[78, "U1_4", 1005, -1160, "B", "DIP", "TMS", "", "C", 60, 60, 43.3, 270],
		[79, "U1_5", 905, -1260, "T", "DIP", "GND", "GND", "C", 60, 60, 43.3, 270],
		[80, "U1_5", 905, -1260, "B", "DIP", "GND", "GND", "C", 60, 60, 43.3, 270],
		[81, "U1_6", 1005, -1260, "T", "DIP", "TCK", "", "C", 60, 60, 43.3, 270],
		[82, "U1_6", 1005, -1260, "B", "DIP", "TCK", "", "C", 60, 60, 43.3, 270],
		[83, "U1_7", 905, -1360, "T", "DIP", "GND", "GND", "C", 60, 60, 43.3, 270],
		[84, "U1_7", 905, -1360, "B", "DIP", "GND", "GND", "C", 60, 60, 43.3, 270],
		[85, "U1_8", 1005, -1360, "T", "DIP", "TDO", "", "C", 60, 60, 43.3, 270],
		[86, "U1_8", 1005, -1360, "B", "DIP", "TDO", "", "C", 60, 60, 43.3, 270],
		[87, "U1_9", 905, -1460, "T", "DIP", "GND", "GND", "C", 60, 60, 43.3, 270],
		[88, "U1_9", 905, -1460, "B", "DIP", "GND", "GND", "C", 60, 60, 43.3, 270],
		[89, "U1_10", 1005, -1460, "T", "DIP", "TDI", "", "C", 60, 60, 43.3, 270],
		[90, "U1_10", 1005, -1460, "B", "DIP", "TDI", "", "C", 60, 60, 43.3, 270],
		[91, "U1_11", 905, -1560, "T", "DIP", "GND", "GND", "C", 60, 60, 43.3, 270],
		[92, "U1_11", 905, -1560, "B", "DIP", "GND", "GND", "C", 60, 60, 43.3, 270],
		[93, "U1_12", 1005, -1560, "T", "DIP", "U1_12", "", "C", 60, 60, 43.3, 270],
		[94, "U1_12", 1005, -1560, "B", "DIP", "U1_12", "", "C", 60, 60, 43.3, 270],
		[95, "U1_13", 905, -1660, "T", "DIP", "GND", "GND", "C", 60, 60, 43.3, 270],
		[96, "U1_13", 905, -1660, "B", "DIP", "GND", "GND", "C", 60, 60, 43.3, 270],
		[97, "U1_14", 1005, -1660, "T", "DIP", "U1_14", "", "C", 60, 60, 43.3, 270],
		[98, "U1_14", 1005, -1660, "B", "DIP", "U1_14", "", "C", 60, 60, 43.3, 270]
	]
}
}